epoch,accuracy,f1_score,loss,lr,precision,recall,val_accuracy,val_f1_score,val_loss,val_precision,val_recall
0,0.4897215664386749,0.45166271924972534,47.53841018676758,1e-04,0.7503940463066101,0.32305487990379333,0.20392628014087677,0.1493918001651764,19.377601623535156,0.29294702410697937,0.1002604141831398
1,0.9332478046417236,0.9227594137191772,6.819155216217041,1e-04,0.9593721032142639,0.8888385891914368,0.8349359035491943,0.8362737894058228,2.293992042541504,0.8789183497428894,0.7975761294364929
2,0.9718196392059326,0.970140278339386,0.9245187640190125,1e-04,0.9778146743774414,0.9625855684280396,0.8402444124221802,0.8428181409835815,0.957805335521698,0.8641481399536133,0.8225160241127014
3,0.9773047566413879,0.9765442609786987,0.32264837622642517,1e-04,0.9810075163841248,0.9721215963363647,0.850661039352417,0.8534818291664124,0.832013726234436,0.8632312417030334,0.8439503312110901
4,0.9819595217704773,0.9815863966941833,0.2104223668575287,1e-04,0.9847307205200195,0.9784621596336365,0.8600761294364929,0.8623183965682983,0.814497172832489,0.8713569641113281,0.8534655570983887
