{"loss": [23.641857147216797, 15.217702865600586, 10.04877758026123, 6.746826648712158, 4.668440341949463, 3.3629231452941895, 2.5582900047302246, 2.0759778022766113, 1.7587136030197144, 1.5591274499893188, 1.4124317169189453, 1.3323545455932617, 1.273208498954773, 1.2044928073883057, 1.174790382385254, 1.1236380338668823, 1.1216422319412231, 1.0836652517318726, 1.038105845451355, 1.0127894878387451, 0.9828402996063232, 0.8864420652389526, 0.8172130584716797, 0.776152491569519, 0.7549070715904236, 0.7316926717758179, 0.7008025050163269, 0.681239902973175, 0.665939211845398, 0.6434949636459351, 0.6430807709693909, 0.6288248896598816, 0.6261612176895142, 0.6251847743988037, 0.6165027618408203, 0.6127835512161255, 0.6138768792152405, 0.6090987920761108, 0.604481041431427, 0.6095139384269714], "accuracy": [0.1084388792514801, 0.13242250680923462, 0.18742451071739197, 0.26419082283973694, 0.32996174693107605, 0.39633655548095703, 0.4592139720916748, 0.520933985710144, 0.5810940265655518, 0.6117149591445923, 0.642235279083252, 0.6570299863815308, 0.672831118106842, 0.6871980428695679, 0.6939160823822021, 0.7113274931907654, 0.7109752297401428, 0.7257196307182312, 0.7387781739234924, 0.746880054473877, 0.7557367086410522, 0.7833132147789001, 0.7996678948402405, 0.8097826242446899, 0.8154186606407166, 0.8169534802436829, 0.8276721239089966, 0.8329810500144958, 0.8358494639396667, 0.8440267443656921, 0.8425171375274658, 0.8465680480003357, 0.8492602705955505, 0.847272515296936, 0.8500905632972717, 0.8509712219238281, 0.8503170013427734, 0.8519524931907654, 0.8530847430229187, 0.8521813154220581], "val_loss": [18.31702995300293, 11.887418746948242, 7.82966947555542, 5.261528015136719, 3.6662933826446533, 2.651201009750366, 2.063969373703003, 1.665289044380188, 1.4748958349227905, 1.2930700778961182, 1.2103224992752075, 1.137845754623413, 1.0953330993652344, 1.0901165008544922, 1.0089361667633057, 1.0954859256744385, 1.026628017425537, 0.9734551906585693, 0.9935697913169861, 1.030906319618225, 1.0089468955993652, 0.9017893671989441, 0.8853973150253296, 0.8858506679534912, 0.8578036427497864, 0.8598222136497498, 0.8853550553321838, 0.8838990926742554, 0.851148247718811, 0.8534310460090637, 0.8486199975013733, 0.8542097210884094, 0.8600596189498901, 0.8697456121444702, 0.8589918613433838, 0.8590593338012695, 0.8565254211425781, 0.8548083901405334, 0.8600752353668213, 0.852826714515686], "val_accuracy": [0.1028645858168602, 0.19461138546466827, 0.32582131028175354, 0.4012419879436493, 0.4867788553237915, 0.5593950152397156, 0.5968549847602844, 0.6391226053237915, 0.6469351053237915, 0.674879789352417, 0.6906049847602844, 0.7016226053237915, 0.7110376358032227, 0.7023237347602844, 0.7252604365348816, 0.7034254670143127, 0.7197515964508057, 0.7379807829856873, 0.7286658883094788, 0.7162460088729858, 0.7233573794364929, 0.7566105723381042, 0.7571113705635071, 0.7554086446762085, 0.7583132982254028, 0.7577123641967773, 0.7542067170143127, 0.7550080418586731, 0.7630208134651184, 0.7649238705635071, 0.7644230723381042, 0.7613180875778198, 0.76171875, 0.7578125, 0.7631210088729858, 0.7620192170143127, 0.7625200152397156, 0.7625200152397156, 0.7629206776618958, 0.7627203464508057], "lr": [