{"loss": [21.264263153076172, 16.61032485961914, 13.265629768371582, 10.73274040222168, 8.807816505432129, 7.316110610961914, 6.146988868713379, 5.243128776550293, 4.5190749168396, 3.9586784839630127, 3.5114550590515137, 3.137324571609497, 2.846808671951294, 2.6082701683044434, 2.415856122970581, 2.2762250900268555, 2.1417622566223145, 2.052790880203247, 1.975045919418335, 1.900263786315918, 1.8468135595321655, 1.7999022006988525, 1.7484437227249146, 1.7109713554382324, 1.6751223802566528, 1.658153772354126, 1.6212862730026245, 1.581652283668518, 1.5603455305099487, 1.5333737134933472, 1.5333342552185059, 1.5149370431900024, 1.5076855421066284, 1.4985027313232422, 1.489651083946228, 1.4730491638183594, 1.4717940092086792, 1.46657133102417, 1.4613703489303589, 1.4502389430999756, 1.4482731819152832, 1.4402769804000854, 1.441590666770935, 1.440316915512085, 1.4304741621017456, 1.4395216703414917, 1.432047963142395, 1.438213586807251, 1.4427533149719238, 1.430853009223938, 1.4357291460037231, 1.4305016994476318, 1.435590147972107, 1.4385789632797241, 1.4329721927642822, 1.440925121307373, 1.4287142753601074, 1.4342433214187622, 1.4377131462097168, 1.4300024509429932, 1.4273136854171753, 1.440590500831604, 1.4325733184814453, 1.4301410913467407, 1.4295059442520142, 1.4368233680725098, 1.4384225606918335, 1.4331610202789307, 1.43357253074646, 1.4278050661087036, 1.4323946237564087, 1.4283534288406372, 1.4349188804626465, 1.4314074516296387, 1.4325839281082153, 1.4303137063980103, 1.4247535467147827, 1.43265962600708, 1.4297847747802734], "accuracy": [0.10077402740716934, 0.10919887572526932, 0.11898651719093323, 0.1308373659849167, 0.13941727578639984, 0.14792169630527496, 0.15692934393882751, 0.16792471706867218, 0.18744967877864838, 0.20164050161838531, 0.21510164439678192, 0.23651368916034698, 0.25206321477890015, 0.2667069137096405, 0.28371578454971313, 0.29091182351112366, 0.3057316839694977, 0.3218598961830139, 0.33912035822868347, 0.3561040759086609, 0.37245872616767883, 0.3874043822288513, 0.40438807010650635, 0.41591182351112366, 0.43694645166397095, 0.4457528293132782, 0.46321457624435425, 0.48102858662605286, 0.485180139541626, 0.498238742351532, 0.498238742351532, 0.5019876956939697, 0.5066676735877991, 0.5092089176177979, 0.5120521187782288, 0.5216888189315796, 0.5205062627792358, 0.5213868618011475, 0.5267713069915771, 0.5256332755088806, 0.5284571051597595, 0.5312751531600952, 0.530847430229187, 0.5319796800613403, 0.5355777144432068, 0.5311493277549744, 0.531652569770813, 0.5323570966720581, 0.5311241745948792, 0.5333132147789001, 0.5340428948402405, 0.5340932011604309, 0.5331370830535889, 0.5290106534957886, 0.5362067222595215, 0.5289855003356934, 0.5369112491607666, 0.5337660908699036, 0.5311996936798096, 0.5333383679389954, 0.5371628403663635, 0.5305203199386597, 0.5342944860458374, 0.5348983407020569, 0.5355525612831116, 0.5352254509925842, 0.529891312122345, 0.5342693328857422, 0.5316274166107178, 0.5345460772514343, 0.5337912440299988, 0.5337409377098083, 0.5336403250694275, 0.5369867086410522, 0.5349738597869873, 0.5345712304115295, 0.5371376872062683, 0.5333132147789001, 0.5365148782730103], "val_loss": [19.906234741210938, 14.338943481445312, 11.537530899047852, 9.407695770263672, 7.760261058807373, 6.459929466247559, 5.477691650390625, 4.6503729820251465, 4.062882900238037, 3.5604259967803955, 3.1383938789367676, 2.7897627353668213, 2.5394694805145264, 2.304518461227417, 2.155702590942383, 2.0126283168792725, 1.9473865032196045, 1.8436428308486938, 1.7611465454101562, 1.7215725183486938, 1.6499124765396118, 1.610645055770874, 1.572912335395813, 1.5024120807647705, 1.4300347566604614, 1.4665944576263428, 1.464599609375, 1.3567904233932495, 1.3319706916809082, 1.3162031173706055, 1.3229925632476807, 1.3094507455825806, 1.3093160390853882, 1.283881425857544, 1.295039176940918, 1.265501618385315, 1.3115450143814087, 1.267986536026001, 1.2600139379501343, 1.2660900354385376, 1.2586445808410645, 1.2566089630126953, 1.259499192237854, 1.257336139678955, 1.2571232318878174, 1.2544505596160889, 1.2548447847366333, 1.2588189840316772, 1.2525129318237305, 1.254910945892334, 1.2526447772979736, 1.252555012702942, 1.2503859996795654, 1.2549108266830444, 1.2578773498535156, 1.2526260614395142, 1.2520642280578613, 1.2494958639144897, 1.25027596950531, 1.2530388832092285, 1.251124620437622, 1.248704433441162, 1.2493207454681396, 1.252837896347046, 1.248616099357605, 1.2524563074111938, 1.249024748802185, 1.2557411193847656, 1.2531909942626953, 1.2554337978363037, 1.248503565788269, 1.2538107633590698, 1.2493185997009277, 1.2551435232162476, 1.2524527311325073, 1.249389410018921, 1.25357186794281, 1.2509063482284546, 1.2534149885177612], "val_accuracy": [0.09004407376050949, 0.12530048191547394, 0.13631810247898102, 0.19350960850715637, 0.22956730425357819, 0.2278645783662796, 0.21714743971824646, 0.25100159645080566, 0.26252004504203796, 0.2790464758872986, 0.28595754504203796, 0.31540465354919434, 0.30739182233810425, 0.34084534645080566, 0.35857370495796204, 0.3656851053237915, 0.37209534645080566, 0.38551682233810425, 0.4153645932674408, 0.42528045177459717, 0.4451121687889099, 0.49619391560554504, 0.5004006624221802, 0.5324519276618958, 0.5448718070983887, 0.5441706776618958, 0.5706129670143127, 0.5912460088729858, 0.6032652258872986, 0.6060696840286255, 0.5908453464508057, 0.6122796535491943, 0.6034655570983887, 0.6146835088729858, 0.5969551205635071, 0.6192908883094788, 0.6098757982254028, 0.6213942170143127, 0.6236979365348816, 0.6139823794364929, 0.6239984035491943, 0.6202924847602844, 0.6215945482254028, 0.6185897588729858, 0.6203926205635071, 0.6242988705635071, 0.6244992017745972, 0.6183894276618958, 0.6227964758872986, 0.6145833134651184, 0.6091746687889099, 0.6215945482254028, 0.6242988705635071, 0.625, 0.621995210647583, 0.6192908883094788, 0.6222956776618958, 0.6229968070983887, 0.625, 0.6221955418586731, 0.6228966116905212, 0.620192289352417, 0.6218950152397156, 0.6274038553237915, 0.6256009340286255, 0.6237980723381042, 0.625901460647583, 0.6268028616905212, 0.6231971383094788, 0.6246995329856873, 0.6263020634651184, 0.6256009340286255, 0.6220953464508057, 0.6256009340286255, 0.6257011294364929, 0.625901460647583, 0.6261017918586731, 0.6200921535491943, 0.6263020634651184], "lr": [