{"loss": [51.52809524536133, 26.593469619750977, 15.277854919433594, 9.495954513549805, 6.430256366729736, 4.7786102294921875, 3.852241039276123, 3.2395482063293457, 2.8249106407165527, 2.530588388442993, 2.3192198276519775, 2.172050952911377, 2.1733524799346924, 2.0431883335113525, 1.9929444789886475, 1.949591875076294, 1.9252033233642578, 1.8864563703536987, 1.8674107789993286, 1.8034861087799072, 1.7858277559280396, 1.758949637413025, 1.7490085363388062, 1.7097333669662476, 1.71243417263031, 1.6804932355880737, 1.6661200523376465, 1.6594438552856445, 1.645250678062439, 1.6286044120788574, 1.6163588762283325, 1.5871527194976807, 1.6014305353164673, 1.5852115154266357, 1.4937560558319092, 1.40501070022583, 1.350773811340332, 1.3073527812957764, 1.2828257083892822, 1.2511872053146362, 1.2278941869735718, 1.2121226787567139, 1.1923754215240479, 1.1749613285064697, 1.1677348613739014, 1.147322177886963, 1.1275663375854492, 1.1199413537979126, 1.11099112033844, 1.107264757156372, 1.092577338218689, 1.0770753622055054, 1.061570167541504, 1.0647574663162231, 1.044958472251892, 1.055059790611267, 1.0486164093017578, 1.0387386083602905, 1.0321228504180908, 1.026139497756958], "accuracy": [0.10180438309907913, 0.10519827157258987, 0.10670793056488037, 0.11033111810684204, 0.12580515444278717, 0.1477707326412201, 0.16691827774047852, 0.20239533483982086, 0.23324275016784668, 0.2631843686103821, 0.2981833815574646, 0.3284017741680145, 0.3424416184425354, 0.37661030888557434, 0.4018719792366028, 0.42371174693107605, 0.44041869044303894, 0.4507598578929901, 0.46905192732810974, 0.4878723919391632, 0.49509361386299133, 0.5115740895271301, 0.5210598111152649, 0.5407357215881348, 0.5433776378631592, 0.5567129850387573, 0.5663999319076538, 0.5713818669319153, 0.579081118106842, 0.5883655548095703, 0.5925171375274658, 0.6005686521530151, 0.5980273485183716, 0.6098782420158386, 0.6334289312362671, 0.6479972004890442, 0.6549919247627258, 0.6610808968544006, 0.6598480343818665, 0.6704865097999573, 0.675020158290863, 0.6708685755729675, 0.6749194860458374, 0.6783413887023926, 0.6804297566413879, 0.6836503744125366, 0.6884812712669373, 0.6909722089767456, 0.6925070285797119, 0.6958283185958862, 0.6977908611297607, 0.6988979578018188, 0.7051630616188049, 0.704483687877655, 0.7095913887023926, 0.7051630616188049, 0.7068991661071777, 0.7066978812217712, 0.708283007144928, 0.7103210687637329], "val_loss": [35.59965133666992, 19.294780731201172, 11.512483596801758, 7.456618309020996, 5.316648483276367, 4.16356897354126, 3.493812084197998, 3.0603291988372803, 2.6443233489990234, 2.424367666244507, 2.255192756652832, 2.779496908187866, 2.03670334815979, 1.954285979270935, 1.8395309448242188, 1.8695154190063477, 1.8798511028289795, 1.7818078994750977, 1.700744390487671, 1.7269420623779297, 1.7539669275283813, 1.7844680547714233, 1.6791220903396606, 1.710404634475708, 1.849021077156067, 1.5250587463378906, 1.9058667421340942, 1.606925129890442, 1.6892108917236328, 1.4785228967666626, 1.6169899702072144, 1.6339726448059082, 1.595841884613037, 1.6726770401000977, 1.3613643646240234, 1.3243874311447144, 1.3744155168533325, 1.3686519861221313, 1.267608642578125, 1.1696467399597168, 1.221036434173584, 1.179607629776001, 1.1498150825500488, 1.1414990425109863, 1.1415419578552246, 1.1290721893310547, 1.160318374633789, 1.1483484506607056, 1.169804573059082, 1.15534508228302, 1.1145669221878052, 1.08651864528656, 1.0785259008407593, 1.0694185495376587, 1.0694313049316406, 1.0752509832382202, 1.0686122179031372, 1.0647187232971191, 1.0638172626495361, 1.0650291442871094], "val_accuracy": [0.09485176205635071, 0.10777243226766586, 0.10316506773233414, 0.10186298191547394, 0.1328125, 0.14423076808452606, 0.1534455120563507, 0.18840144574642181, 0.26141828298568726, 0.29717546701431274, 0.3359375, 0.31740784645080566, 0.4095552861690521, 0.45112180709838867, 0.4499198794364929, 0.49318909645080566, 0.45993590354919434, 0.49429085850715637, 0.565504789352417, 0.5375601053237915, 0.5191305875778198, 0.5579928159713745, 0.5979567170143127, 0.5513821840286255, 0.5314503312110901, 0.6340144276618958, 0.5944511294364929, 0.6301081776618958, 0.618088960647583, 0.6297075152397156, 0.6149839758872986, 0.6051682829856873, 0.6060696840286255, 0.6261017918586731, 0.6770833134651184, 0.6806890964508057, 0.6733773946762085, 0.6708734035491943, 0.6804887652397156, 0.6892027258872986, 0.6720753312110901, 0.6802884340286255, 0.6859976053237915, 0.6820913553237915, 0.6869992017745972, 0.688401460647583, 0.6770833134651184, 0.6750801205635071, 0.6839944124221802, 0.6841946840286255, 0.6917067170143127, 0.6950120329856873, 0.6925080418586731, 0.6946113705635071, 0.6942107081413269, 0.690504789352417, 0.6945112347602844, 0.6931089758872986, 0.6976161599159241, 0.6950120329856873], "lr": [